-- MySQL dump 10.17  Distrib 10.3.14-MariaDB, for debian-linux-gnu (x86_64)
--
-- Host: 127.0.0.1    Database: mydb
-- ------------------------------------------------------
-- Server version	10.3.14-MariaDB-1:10.3.14+maria~bionic

/*!40101 SET @OLD_CHARACTER_SET_CLIENT=@@CHARACTER_SET_CLIENT */;
/*!40101 SET @OLD_CHARACTER_SET_RESULTS=@@CHARACTER_SET_RESULTS */;
/*!40101 SET @OLD_COLLATION_CONNECTION=@@COLLATION_CONNECTION */;
/*!40101 SET NAMES utf8mb4 */;
/*!40103 SET @OLD_TIME_ZONE=@@TIME_ZONE */;
/*!40103 SET TIME_ZONE='+00:00' */;
/*!40014 SET @OLD_UNIQUE_CHECKS=@@UNIQUE_CHECKS, UNIQUE_CHECKS=0 */;
/*!40014 SET @OLD_FOREIGN_KEY_CHECKS=@@FOREIGN_KEY_CHECKS, FOREIGN_KEY_CHECKS=0 */;
/*!40101 SET @OLD_SQL_MODE=@@SQL_MODE, SQL_MODE='NO_AUTO_VALUE_ON_ZERO' */;
/*!40111 SET @OLD_SQL_NOTES=@@SQL_NOTES, SQL_NOTES=0 */;

--
-- Table structure for table `Competition`
--

DROP TABLE IF EXISTS `Competition`;
/*!40101 SET @saved_cs_client     = @@character_set_client */;
/*!40101 SET character_set_client = utf8 */;
CREATE TABLE `Competition` (
  `competition_id` bigint(20) unsigned NOT NULL AUTO_INCREMENT,
  `date` datetime NOT NULL,
  `participant_limit` int(11) NOT NULL,
  `prize` bigint(20) DEFAULT NULL,
  `winner` bigint(20) unsigned DEFAULT NULL,
  PRIMARY KEY (`competition_id`),
  UNIQUE KEY `competition_id` (`competition_id`)
) ENGINE=InnoDB DEFAULT CHARSET=latin1;
/*!40101 SET character_set_client = @saved_cs_client */;

--
-- Dumping data for table `Competition`
--

LOCK TABLES `Competition` WRITE;
/*!40000 ALTER TABLE `Competition` DISABLE KEYS */;
/*!40000 ALTER TABLE `Competition` ENABLE KEYS */;
UNLOCK TABLES;

--
-- Table structure for table `Owner`
--

DROP TABLE IF EXISTS `Owner`;
/*!40101 SET @saved_cs_client     = @@character_set_client */;
/*!40101 SET character_set_client = utf8 */;
CREATE TABLE `Owner` (
  `owner_id` bigint(20) unsigned NOT NULL AUTO_INCREMENT,
  `login` char(32) NOT NULL,
  `email` char(32) NOT NULL,
  `password` char(64) NOT NULL,
  `city` text NOT NULL,
  `first_name` text NOT NULL,
  `middle_name` text DEFAULT NULL,
  `last_name` text DEFAULT NULL,
  PRIMARY KEY (`owner_id`),
  UNIQUE KEY `owner_id` (`owner_id`),
  UNIQUE KEY `login` (`login`),
  UNIQUE KEY `email` (`email`)
) ENGINE=InnoDB AUTO_INCREMENT=151 DEFAULT CHARSET=latin1;
/*!40101 SET character_set_client = @saved_cs_client */;

--
-- Dumping data for table `Owner`
--

LOCK TABLES `Owner` WRITE;
/*!40000 ALTER TABLE `Owner` DISABLE KEYS */;
INSERT INTO `Owner` VALUES (1,'login1','email1','password1','city187','first_name1','middle_name1','last_name1'),(2,'login2','email2','password2','city824','first_name2','middle_name2','last_name2'),(3,'login3','email3','password3','city561','first_name3','middle_name3','last_name3'),(4,'login4','email4','password4','city332','first_name4','middle_name4','last_name4'),(5,'login5','email5','password5','city980','first_name5','middle_name5','last_name5'),(6,'login6','email6','password6','city901','first_name6','middle_name6','last_name6'),(7,'login7','email7','password7','city568','first_name7','middle_name7','last_name7'),(8,'login8','email8','password8','city138','first_name8','middle_name8','last_name8'),(9,'login9','email9','password9','city986','first_name9','middle_name9','last_name9'),(10,'login10','email10','password10','city517','first_name10','middle_name10','last_name10'),(11,'login11','email11','password11','city628','first_name11','middle_name11','last_name11'),(12,'login12','email12','password12','city588','first_name12','middle_name12','last_name12'),(13,'login13','email13','password13','city57','first_name13','middle_name13','last_name13'),(14,'login14','email14','password14','city521','first_name14','middle_name14','last_name14'),(15,'login15','email15','password15','city433','first_name15','middle_name15','last_name15'),(16,'login16','email16','password16','city603','first_name16','middle_name16','last_name16'),(17,'login17','email17','password17','city717','first_name17','middle_name17','last_name17'),(18,'login18','email18','password18','city777','first_name18','middle_name18','last_name18'),(19,'login19','email19','password19','city736','first_name19','middle_name19','last_name19'),(20,'login20','email20','password20','city349','first_name20','middle_name20','last_name20'),(21,'login21','email21','password21','city537','first_name21','middle_name21','last_name21'),(22,'login22','email22','password22','city638','first_name22','middle_name22','last_name22'),(23,'login23','email23','password23','city581','first_name23','middle_name23','last_name23'),(24,'login24','email24','password24','city992','first_name24','middle_name24','last_name24'),(25,'login25','email25','password25','city218','first_name25','middle_name25','last_name25'),(26,'login26','email26','password26','city113','first_name26','middle_name26','last_name26'),(27,'login27','email27','password27','city914','first_name27','middle_name27','last_name27'),(28,'login28','email28','password28','city230','first_name28','middle_name28','last_name28'),(29,'login29','email29','password29','city407','first_name29','middle_name29','last_name29'),(30,'login30','email30','password30','city347','first_name30','middle_name30','last_name30'),(31,'login31','email31','password31','city516','first_name31','middle_name31','last_name31'),(32,'login32','email32','password32','city539','first_name32','middle_name32','last_name32'),(33,'login33','email33','password33','city148','first_name33','middle_name33','last_name33'),(34,'login34','email34','password34','city122','first_name34','middle_name34','last_name34'),(35,'login35','email35','password35','city167','first_name35','middle_name35','last_name35'),(36,'login36','email36','password36','city470','first_name36','middle_name36','last_name36'),(37,'login37','email37','password37','city851','first_name37','middle_name37','last_name37'),(38,'login38','email38','password38','city846','first_name38','middle_name38','last_name38'),(39,'login39','email39','password39','city674','first_name39','middle_name39','last_name39'),(40,'login40','email40','password40','city835','first_name40','middle_name40','last_name40'),(41,'login41','email41','password41','city154','first_name41','middle_name41','last_name41'),(42,'login42','email42','password42','city265','first_name42','middle_name42','last_name42'),(43,'login43','email43','password43','city864','first_name43','middle_name43','last_name43'),(44,'login44','email44','password44','city523','first_name44','middle_name44','last_name44'),(45,'login45','email45','password45','city26','first_name45','middle_name45','last_name45'),(46,'login46','email46','password46','city563','first_name46','middle_name46','last_name46'),(47,'login47','email47','password47','city734','first_name47','middle_name47','last_name47'),(48,'login48','email48','password48','city982','first_name48','middle_name48','last_name48'),(49,'login49','email49','password49','city711','first_name49','middle_name49','last_name49'),(50,'login50','email50','password50','city609','first_name50','middle_name50','last_name50'),(51,'login51','email51','password51','city912','first_name51','middle_name51','last_name51'),(52,'login52','email52','password52','city734','first_name52','middle_name52','last_name52'),(53,'login53','email53','password53','city935','first_name53','middle_name53','last_name53'),(54,'login54','email54','password54','city475','first_name54','middle_name54','last_name54'),(55,'login55','email55','password55','city567','first_name55','middle_name55','last_name55'),(56,'login56','email56','password56','city413','first_name56','middle_name56','last_name56'),(57,'login57','email57','password57','city364','first_name57','middle_name57','last_name57'),(58,'login58','email58','password58','city581','first_name58','middle_name58','last_name58'),(59,'login59','email59','password59','city813','first_name59','middle_name59','last_name59'),(60,'login60','email60','password60','city321','first_name60','middle_name60','last_name60'),(61,'login61','email61','password61','city169','first_name61','middle_name61','last_name61'),(62,'login62','email62','password62','city883','first_name62','middle_name62','last_name62'),(63,'login63','email63','password63','city908','first_name63','middle_name63','last_name63'),(64,'login64','email64','password64','city890','first_name64','middle_name64','last_name64'),(65,'login65','email65','password65','city727','first_name65','middle_name65','last_name65'),(66,'login66','email66','password66','city965','first_name66','middle_name66','last_name66'),(67,'login67','email67','password67','city645','first_name67','middle_name67','last_name67'),(68,'login68','email68','password68','city332','first_name68','middle_name68','last_name68'),(69,'login69','email69','password69','city722','first_name69','middle_name69','last_name69'),(70,'login70','email70','password70','city618','first_name70','middle_name70','last_name70'),(71,'login71','email71','password71','city925','first_name71','middle_name71','last_name71'),(72,'login72','email72','password72','city769','first_name72','middle_name72','last_name72'),(73,'login73','email73','password73','city72','first_name73','middle_name73','last_name73'),(74,'login74','email74','password74','city53','first_name74','middle_name74','last_name74'),(75,'login75','email75','password75','city50','first_name75','middle_name75','last_name75'),(76,'login76','email76','password76','city92','first_name76','middle_name76','last_name76'),(77,'login77','email77','password77','city311','first_name77','middle_name77','last_name77'),(78,'login78','email78','password78','city279','first_name78','middle_name78','last_name78'),(79,'login79','email79','password79','city461','first_name79','middle_name79','last_name79'),(80,'login80','email80','password80','city469','first_name80','middle_name80','last_name80'),(81,'login81','email81','password81','city964','first_name81','middle_name81','last_name81'),(82,'login82','email82','password82','city414','first_name82','middle_name82','last_name82'),(83,'login83','email83','password83','city176','first_name83','middle_name83','last_name83'),(84,'login84','email84','password84','city640','first_name84','middle_name84','last_name84'),(85,'login85','email85','password85','city672','first_name85','middle_name85','last_name85'),(86,'login86','email86','password86','city439','first_name86','middle_name86','last_name86'),(87,'login87','email87','password87','city181','first_name87','middle_name87','last_name87'),(88,'login88','email88','password88','city589','first_name88','middle_name88','last_name88'),(89,'login89','email89','password89','city404','first_name89','middle_name89','last_name89'),(90,'login90','email90','password90','city250','first_name90','middle_name90','last_name90'),(91,'login91','email91','password91','city41','first_name91','middle_name91','last_name91'),(92,'login92','email92','password92','city453','first_name92','middle_name92','last_name92'),(93,'login93','email93','password93','city143','first_name93','middle_name93','last_name93'),(94,'login94','email94','password94','city359','first_name94','middle_name94','last_name94'),(95,'login95','email95','password95','city364','first_name95','middle_name95','last_name95'),(96,'login96','email96','password96','city745','first_name96','middle_name96','last_name96'),(97,'login97','email97','password97','city633','first_name97','middle_name97','last_name97'),(98,'login98','email98','password98','city931','first_name98','middle_name98','last_name98'),(99,'login99','email99','password99','city757','first_name99','middle_name99','last_name99'),(100,'login100','email100','password100','city990','first_name100','middle_name100','last_name100'),(101,'login101','email101','password101','city680','first_name101','middle_name101','last_name101'),(102,'login102','email102','password102','city433','first_name102','middle_name102','last_name102'),(103,'login103','email103','password103','city123','first_name103','middle_name103','last_name103'),(104,'login104','email104','password104','city317','first_name104','middle_name104','last_name104'),(105,'login105','email105','password105','city216','first_name105','middle_name105','last_name105'),(106,'login106','email106','password106','city129','first_name106','middle_name106','last_name106'),(107,'login107','email107','password107','city999','first_name107','middle_name107','last_name107'),(108,'login108','email108','password108','city608','first_name108','middle_name108','last_name108'),(109,'login109','email109','password109','city42','first_name109','middle_name109','last_name109'),(110,'login110','email110','password110','city389','first_name110','middle_name110','last_name110'),(111,'login111','email111','password111','city817','first_name111','middle_name111','last_name111'),(112,'login112','email112','password112','city919','first_name112','middle_name112','last_name112'),(113,'login113','email113','password113','city147','first_name113','middle_name113','last_name113'),(114,'login114','email114','password114','city976','first_name114','middle_name114','last_name114'),(115,'login115','email115','password115','city442','first_name115','middle_name115','last_name115'),(116,'login116','email116','password116','city282','first_name116','middle_name116','last_name116'),(117,'login117','email117','password117','city84','first_name117','middle_name117','last_name117'),(118,'login118','email118','password118','city574','first_name118','middle_name118','last_name118'),(119,'login119','email119','password119','city619','first_name119','middle_name119','last_name119'),(120,'login120','email120','password120','city373','first_name120','middle_name120','last_name120'),(121,'login121','email121','password121','city9','first_name121','middle_name121','last_name121'),(122,'login122','email122','password122','city924','first_name122','middle_name122','last_name122'),(123,'login123','email123','password123','city597','first_name123','middle_name123','last_name123'),(124,'login124','email124','password124','city213','first_name124','middle_name124','last_name124'),(125,'login125','email125','password125','city275','first_name125','middle_name125','last_name125'),(126,'login126','email126','password126','city736','first_name126','middle_name126','last_name126'),(127,'login127','email127','password127','city857','first_name127','middle_name127','last_name127'),(128,'login128','email128','password128','city77','first_name128','middle_name128','last_name128'),(129,'login129','email129','password129','city815','first_name129','middle_name129','last_name129'),(130,'login130','email130','password130','city845','first_name130','middle_name130','last_name130'),(131,'login131','email131','password131','city778','first_name131','middle_name131','last_name131'),(132,'login132','email132','password132','city358','first_name132','middle_name132','last_name132'),(133,'login133','email133','password133','city455','first_name133','middle_name133','last_name133'),(134,'login134','email134','password134','city204','first_name134','middle_name134','last_name134'),(135,'login135','email135','password135','city652','first_name135','middle_name135','last_name135'),(136,'login136','email136','password136','city650','first_name136','middle_name136','last_name136'),(137,'login137','email137','password137','city294','first_name137','middle_name137','last_name137'),(138,'login138','email138','password138','city521','first_name138','middle_name138','last_name138'),(139,'login139','email139','password139','city723','first_name139','middle_name139','last_name139'),(140,'login140','email140','password140','city51','first_name140','middle_name140','last_name140'),(141,'login141','email141','password141','city86','first_name141','middle_name141','last_name141'),(142,'login142','email142','password142','city280','first_name142','middle_name142','last_name142'),(143,'login143','email143','password143','city142','first_name143','middle_name143','last_name143'),(144,'login144','email144','password144','city869','first_name144','middle_name144','last_name144'),(145,'login145','email145','password145','city919','first_name145','middle_name145','last_name145'),(146,'login146','email146','password146','city991','first_name146','middle_name146','last_name146'),(147,'login147','email147','password147','city196','first_name147','middle_name147','last_name147'),(148,'login148','email148','password148','city10','first_name148','middle_name148','last_name148'),(149,'login149','email149','password149','city463','first_name149','middle_name149','last_name149'),(150,'login150','email150','password150','city284','first_name150','middle_name150','last_name150');
/*!40000 ALTER TABLE `Owner` ENABLE KEYS */;
UNLOCK TABLES;

--
-- Table structure for table `Participant`
--

DROP TABLE IF EXISTS `Participant`;
/*!40101 SET @saved_cs_client     = @@character_set_client */;
/*!40101 SET character_set_client = utf8 */;
CREATE TABLE `Participant` (
  `participant_id` bigint(20) unsigned NOT NULL AUTO_INCREMENT,
  `rooster_id` bigint(20) unsigned DEFAULT NULL,
  `competition_id` bigint(20) unsigned DEFAULT NULL,
  `payment_id` bigint(20) unsigned DEFAULT NULL,
  PRIMARY KEY (`participant_id`),
  UNIQUE KEY `participant_id` (`participant_id`),
  KEY `rooster_id` (`rooster_id`),
  KEY `competition_id` (`competition_id`),
  KEY `payment_id` (`payment_id`),
  CONSTRAINT `Participant_ibfk_1` FOREIGN KEY (`rooster_id`) REFERENCES `Rooster` (`rooster_id`),
  CONSTRAINT `Participant_ibfk_2` FOREIGN KEY (`competition_id`) REFERENCES `Competition` (`competition_id`),
  CONSTRAINT `Participant_ibfk_3` FOREIGN KEY (`payment_id`) REFERENCES `Payment` (`payment_id`)
) ENGINE=InnoDB DEFAULT CHARSET=latin1;
/*!40101 SET character_set_client = @saved_cs_client */;

--
-- Dumping data for table `Participant`
--

LOCK TABLES `Participant` WRITE;
/*!40000 ALTER TABLE `Participant` DISABLE KEYS */;
/*!40000 ALTER TABLE `Participant` ENABLE KEYS */;
UNLOCK TABLES;

--
-- Table structure for table `Payment`
--

DROP TABLE IF EXISTS `Payment`;
/*!40101 SET @saved_cs_client     = @@character_set_client */;
/*!40101 SET character_set_client = utf8 */;
CREATE TABLE `Payment` (
  `payment_id` bigint(20) unsigned NOT NULL AUTO_INCREMENT,
  `owner_id` bigint(20) unsigned DEFAULT NULL,
  `payment_dttm` timestamp NOT NULL DEFAULT current_timestamp() ON UPDATE current_timestamp(),
  `payment_sum` bigint(20) DEFAULT NULL,
  PRIMARY KEY (`payment_id`),
  UNIQUE KEY `payment_id` (`payment_id`),
  KEY `owner_id` (`owner_id`),
  CONSTRAINT `Payment_ibfk_1` FOREIGN KEY (`owner_id`) REFERENCES `Owner` (`owner_id`)
) ENGINE=InnoDB AUTO_INCREMENT=421 DEFAULT CHARSET=latin1;
/*!40101 SET character_set_client = @saved_cs_client */;

--
-- Dumping data for table `Payment`
--

LOCK TABLES `Payment` WRITE;
/*!40000 ALTER TABLE `Payment` DISABLE KEYS */;
INSERT INTO `Payment` VALUES (271,143,'2019-03-30 11:12:44',8908),(272,120,'2019-03-28 12:03:42',2606),(273,46,'2019-04-01 04:30:53',7968),(274,113,'2019-03-29 01:49:31',7101),(275,54,'2019-03-31 14:26:41',3009),(276,71,'2019-03-29 16:36:28',9038),(277,19,'2019-04-02 16:56:18',1809),(278,26,'2019-03-28 08:57:57',752),(279,63,'2019-04-02 10:14:27',1359),(280,6,'2019-04-01 15:30:04',8450),(281,126,'2019-03-31 17:54:15',9288),(282,85,'2019-03-25 20:06:40',4895),(283,51,'2019-03-27 11:47:36',885),(284,117,'2019-03-31 06:46:33',8637),(285,59,'2019-03-28 21:58:02',7111),(286,63,'2019-04-03 04:44:09',5682),(287,141,'2019-03-25 16:04:42',2565),(288,35,'2019-03-28 20:43:10',1787),(289,116,'2019-03-28 13:45:14',3767),(290,129,'2019-03-27 03:11:45',3164),(291,6,'2019-03-27 18:37:37',1394),(292,141,'2019-03-28 02:11:41',6121),(293,30,'2019-03-26 22:57:25',2064),(294,82,'2019-03-26 15:36:53',9871),(295,83,'2019-04-01 19:39:17',3975),(296,83,'2019-03-30 13:05:17',1473),(297,9,'2019-04-02 02:40:26',521),(298,109,'2019-03-29 18:51:19',1974),(299,84,'2019-03-27 10:32:14',3887),(300,45,'2019-03-28 12:12:05',7672),(301,125,'2019-04-02 09:55:29',8839),(302,117,'2019-03-27 22:51:36',40),(303,31,'2019-03-25 15:08:58',4531),(304,34,'2019-04-01 09:03:13',1427),(305,64,'2019-03-31 17:34:09',1860),(306,128,'2019-03-31 23:23:29',267),(307,146,'2019-04-01 19:15:47',1182),(308,24,'2019-03-29 11:47:21',7346),(309,52,'2019-03-30 05:21:04',5827),(310,51,'2019-04-03 04:05:51',7862),(311,7,'2019-04-02 05:37:36',1622),(312,36,'2019-03-31 17:48:46',7558),(313,105,'2019-03-27 15:24:39',830),(314,105,'2019-03-27 22:14:56',2333),(315,54,'2019-03-26 10:07:48',4269),(316,124,'2019-04-02 08:00:05',8573),(317,102,'2019-04-01 20:55:29',570),(318,124,'2019-04-03 08:14:56',4170),(319,21,'2019-03-29 13:16:06',8268),(320,118,'2019-03-29 13:02:53',8848),(321,12,'2019-04-01 03:55:37',4613),(322,14,'2019-03-26 00:10:41',139),(323,135,'2019-03-29 18:31:15',6595),(324,131,'2019-03-29 03:10:29',3848),(325,107,'2019-03-29 08:13:26',9820),(326,95,'2019-03-27 10:30:29',1758),(327,36,'2019-03-31 08:54:42',5501),(328,119,'2019-03-28 11:32:24',2632),(329,49,'2019-04-02 00:54:28',2074),(330,79,'2019-03-25 15:21:00',4909),(331,62,'2019-03-30 17:48:19',6751),(332,95,'2019-03-26 16:16:38',7569),(333,59,'2019-03-31 19:45:36',3251),(334,78,'2019-03-31 03:38:15',5739),(335,148,'2019-03-27 11:47:44',1367),(336,4,'2019-03-31 19:44:39',4411),(337,16,'2019-03-27 03:22:00',6039),(338,71,'2019-03-30 14:33:32',4056),(339,49,'2019-03-29 08:08:11',1429),(340,66,'2019-04-01 08:08:23',4825),(341,21,'2019-03-27 13:48:02',7421),(342,4,'2019-04-02 10:35:48',3428),(343,11,'2019-03-28 09:25:41',3932),(344,1,'2019-04-02 02:26:39',2047),(345,74,'2019-04-02 03:17:38',7614),(346,40,'2019-03-25 19:50:14',3852),(347,123,'2019-04-03 00:20:53',2653),(348,74,'2019-03-31 10:33:56',8227),(349,21,'2019-03-27 10:08:55',6553),(350,96,'2019-03-27 12:56:38',2135),(351,59,'2019-03-28 07:48:07',3928),(352,4,'2019-04-03 00:59:18',6646),(353,72,'2019-03-29 02:43:52',5665),(354,94,'2019-03-29 14:07:13',3752),(355,77,'2019-03-29 14:11:41',7210),(356,37,'2019-03-26 00:39:15',5560),(357,91,'2019-03-28 19:23:37',126),(358,144,'2019-04-01 12:07:59',9983),(359,99,'2019-03-28 05:19:29',5297),(360,111,'2019-03-26 16:41:58',4271),(361,111,'2019-03-29 06:30:50',8710),(362,16,'2019-04-02 12:32:43',1505),(363,13,'2019-04-03 02:03:34',5227),(364,113,'2019-03-27 08:20:19',7583),(365,27,'2019-03-31 01:48:20',5567),(366,139,'2019-04-03 05:36:40',638),(367,62,'2019-04-02 06:27:30',794),(368,121,'2019-04-01 19:29:18',6280),(369,106,'2019-03-31 07:00:54',975),(370,84,'2019-03-30 01:19:59',8477),(371,108,'2019-03-26 03:33:33',1871),(372,108,'2019-03-25 23:03:10',844),(373,41,'2019-03-26 10:27:01',7015),(374,30,'2019-04-02 11:55:04',8428),(375,83,'2019-03-27 13:34:53',4890),(376,114,'2019-03-28 11:02:18',3630),(377,124,'2019-03-26 02:40:57',8417),(378,2,'2019-03-30 02:53:30',5399),(379,25,'2019-03-27 05:13:43',4642),(380,112,'2019-03-28 18:31:58',5603),(381,107,'2019-04-02 11:46:24',2940),(382,121,'2019-03-26 23:47:38',3960),(383,73,'2019-03-27 15:56:11',7413),(384,148,'2019-03-31 22:48:17',6152),(385,139,'2019-04-01 16:24:03',2006),(386,92,'2019-03-29 14:39:27',4446),(387,128,'2019-04-03 00:05:16',1531),(388,140,'2019-03-27 09:34:43',2489),(389,92,'2019-03-28 10:14:40',7790),(390,138,'2019-03-27 23:14:40',6007),(391,28,'2019-03-26 13:16:52',297),(392,120,'2019-04-02 17:12:05',1596),(393,10,'2019-04-01 23:49:42',9719),(394,55,'2019-04-02 16:08:30',4422),(395,73,'2019-03-26 14:17:31',1357),(396,48,'2019-03-27 01:50:40',9227),(397,14,'2019-03-31 15:59:40',1500),(398,104,'2019-03-25 20:04:22',905),(399,52,'2019-03-29 12:16:55',1944),(400,96,'2019-03-30 22:54:49',1129),(401,112,'2019-03-29 03:47:38',7813),(402,103,'2019-03-26 11:09:44',4615),(403,148,'2019-03-30 12:51:47',8274),(404,69,'2019-04-01 21:58:12',7321),(405,29,'2019-04-01 08:37:24',2317),(406,131,'2019-03-31 14:58:44',7730),(407,124,'2019-04-01 19:47:33',5856),(408,73,'2019-03-31 17:17:37',9831),(409,126,'2019-03-27 23:24:08',8366),(410,54,'2019-03-28 03:33:26',3849),(411,7,'2019-03-26 03:01:49',2094),(412,126,'2019-03-30 16:41:47',3593),(413,11,'2019-03-27 20:12:16',942),(414,104,'2019-03-27 03:52:05',8386),(415,96,'2019-03-31 18:14:09',5469),(416,97,'2019-03-31 00:44:18',1155),(417,110,'2019-03-28 13:01:17',4756),(418,55,'2019-03-29 04:05:30',9344),(419,68,'2019-03-29 14:04:22',9119),(420,30,'2019-03-27 21:40:11',7293);
/*!40000 ALTER TABLE `Payment` ENABLE KEYS */;
UNLOCK TABLES;

--
-- Table structure for table `Rating`
--

DROP TABLE IF EXISTS `Rating`;
/*!40101 SET @saved_cs_client     = @@character_set_client */;
/*!40101 SET character_set_client = utf8 */;
CREATE TABLE `Rating` (
  `rooster_id` bigint(20) unsigned DEFAULT NULL,
  `wins` int(11) DEFAULT NULL,
  `losses` int(11) DEFAULT NULL,
  `competition_wins` int(11) DEFAULT NULL,
  `total_score` double DEFAULT NULL,
  KEY `rooster_id` (`rooster_id`),
  CONSTRAINT `Rating_ibfk_1` FOREIGN KEY (`rooster_id`) REFERENCES `Rooster` (`rooster_id`)
) ENGINE=InnoDB DEFAULT CHARSET=latin1;
/*!40101 SET character_set_client = @saved_cs_client */;

--
-- Dumping data for table `Rating`
--

LOCK TABLES `Rating` WRITE;
/*!40000 ALTER TABLE `Rating` DISABLE KEYS */;
/*!40000 ALTER TABLE `Rating` ENABLE KEYS */;
UNLOCK TABLES;

--
-- Table structure for table `Rooster`
--

DROP TABLE IF EXISTS `Rooster`;
/*!40101 SET @saved_cs_client     = @@character_set_client */;
/*!40101 SET character_set_client = utf8 */;
CREATE TABLE `Rooster` (
  `rooster_id` bigint(20) unsigned NOT NULL AUTO_INCREMENT,
  `owner_id` bigint(20) unsigned DEFAULT NULL,
  `name` text NOT NULL,
  `breed` text NOT NULL,
  PRIMARY KEY (`rooster_id`),
  UNIQUE KEY `rooster_id` (`rooster_id`),
  KEY `owner_id` (`owner_id`),
  CONSTRAINT `Rooster_ibfk_1` FOREIGN KEY (`owner_id`) REFERENCES `Owner` (`owner_id`)
) ENGINE=InnoDB AUTO_INCREMENT=202 DEFAULT CHARSET=latin1;
/*!40101 SET character_set_client = @saved_cs_client */;

--
-- Dumping data for table `Rooster`
--

LOCK TABLES `Rooster` WRITE;
/*!40000 ALTER TABLE `Rooster` DISABLE KEYS */;
INSERT INTO `Rooster` VALUES (2,14,'name1','breed3'),(3,107,'name2','breed3'),(4,120,'name3','breed8'),(5,120,'name4','breed4'),(6,3,'name5','breed6'),(7,22,'name6','breed8'),(8,92,'name7','breed6'),(9,50,'name8','breed7'),(10,112,'name9','breed5'),(11,46,'name10','breed9'),(12,6,'name11','breed2'),(13,144,'name12','breed1'),(14,135,'name13','breed0'),(15,78,'name14','breed4'),(16,118,'name15','breed5'),(17,52,'name16','breed1'),(18,69,'name17','breed0'),(19,99,'name18','breed2'),(20,52,'name19','breed9'),(21,102,'name20','breed5'),(22,120,'name21','breed3'),(23,23,'name22','breed8'),(24,92,'name23','breed6'),(25,40,'name24','breed4'),(26,89,'name25','breed5'),(27,138,'name26','breed9'),(28,26,'name27','breed8'),(29,137,'name28','breed9'),(30,138,'name29','breed8'),(31,44,'name30','breed0'),(32,36,'name31','breed1'),(33,135,'name32','breed1'),(34,145,'name33','breed4'),(35,49,'name34','breed2'),(36,75,'name35','breed6'),(37,78,'name36','breed8'),(38,67,'name37','breed8'),(39,114,'name38','breed3'),(40,61,'name39','breed0'),(41,137,'name40','breed5'),(42,114,'name41','breed3'),(43,35,'name42','breed2'),(44,82,'name43','breed0'),(45,55,'name44','breed8'),(46,146,'name45','breed4'),(47,35,'name46','breed8'),(48,87,'name47','breed3'),(49,142,'name48','breed7'),(50,118,'name49','breed7'),(51,73,'name50','breed1'),(52,26,'name51','breed4'),(53,128,'name52','breed8'),(54,115,'name53','breed2'),(55,137,'name54','breed8'),(56,62,'name55','breed5'),(57,94,'name56','breed4'),(58,25,'name57','breed6'),(59,80,'name58','breed8'),(60,87,'name59','breed4'),(61,41,'name60','breed1'),(62,147,'name61','breed4'),(63,31,'name62','breed7'),(64,10,'name63','breed1'),(65,63,'name64','breed7'),(66,58,'name65','breed7'),(67,75,'name66','breed2'),(68,149,'name67','breed0'),(69,62,'name68','breed8'),(70,136,'name69','breed0'),(71,84,'name70','breed6'),(72,66,'name71','breed3'),(73,45,'name72','breed5'),(74,108,'name73','breed0'),(75,11,'name74','breed2'),(76,121,'name75','breed4'),(77,103,'name76','breed1'),(78,125,'name77','breed6'),(79,103,'name78','breed5'),(80,84,'name79','breed2'),(81,62,'name80','breed4'),(82,125,'name81','breed9'),(83,17,'name82','breed7'),(84,91,'name83','breed6'),(85,82,'name84','breed7'),(86,138,'name85','breed4'),(87,93,'name86','breed6'),(88,64,'name87','breed1'),(89,83,'name88','breed2'),(90,94,'name89','breed3'),(91,137,'name90','breed5'),(92,115,'name91','breed3'),(93,47,'name92','breed6'),(94,14,'name93','breed6'),(95,139,'name94','breed7'),(96,122,'name95','breed9'),(97,12,'name96','breed6'),(98,32,'name97','breed9'),(99,37,'name98','breed3'),(100,117,'name99','breed9'),(101,97,'name100','breed2'),(102,48,'name101','breed8'),(103,35,'name102','breed6'),(104,70,'name103','breed4'),(105,123,'name104','breed7'),(106,57,'name105','breed5'),(107,126,'name106','breed4'),(108,94,'name107','breed8'),(109,40,'name108','breed8'),(110,64,'name109','breed6'),(111,115,'name110','breed0'),(112,106,'name111','breed5'),(113,76,'name112','breed9'),(114,39,'name113','breed4'),(115,54,'name114','breed5'),(116,80,'name115','breed0'),(117,124,'name116','breed9'),(118,4,'name117','breed4'),(119,140,'name118','breed4'),(120,87,'name119','breed4'),(121,93,'name120','breed6'),(122,94,'name121','breed0'),(123,38,'name122','breed1'),(124,31,'name123','breed4'),(125,96,'name124','breed8'),(126,47,'name125','breed0'),(127,17,'name126','breed5'),(128,40,'name127','breed7'),(129,19,'name128','breed2'),(130,143,'name129','breed9'),(131,17,'name130','breed5'),(132,67,'name131','breed5'),(133,67,'name132','breed5'),(134,78,'name133','breed8'),(135,118,'name134','breed3'),(136,56,'name135','breed8'),(137,148,'name136','breed4'),(138,62,'name137','breed6'),(139,134,'name138','breed6'),(140,54,'name139','breed9'),(141,114,'name140','breed8'),(142,28,'name141','breed2'),(143,100,'name142','breed5'),(144,148,'name143','breed1'),(145,115,'name144','breed4'),(146,110,'name145','breed4'),(147,6,'name146','breed8'),(148,19,'name147','breed0'),(149,5,'name148','breed8'),(150,62,'name149','breed3'),(151,83,'name150','breed6'),(152,119,'name151','breed8'),(153,14,'name152','breed7'),(154,96,'name153','breed8'),(155,57,'name154','breed3'),(156,68,'name155','breed3'),(157,33,'name156','breed1'),(158,8,'name157','breed8'),(159,4,'name158','breed6'),(160,144,'name159','breed9'),(161,12,'name160','breed4'),(162,118,'name161','breed7'),(163,45,'name162','breed2'),(164,81,'name163','breed8'),(165,91,'name164','breed4'),(166,92,'name165','breed6'),(167,34,'name166','breed2'),(168,114,'name167','breed9'),(169,73,'name168','breed5'),(170,54,'name169','breed1'),(171,74,'name170','breed1'),(172,16,'name171','breed1'),(173,88,'name172','breed3'),(174,31,'name173','breed8'),(175,87,'name174','breed3'),(176,24,'name175','breed6'),(177,111,'name176','breed7'),(178,108,'name177','breed2'),(179,11,'name178','breed6'),(180,128,'name179','breed4'),(181,93,'name180','breed7'),(182,18,'name181','breed1'),(183,92,'name182','breed4'),(184,96,'name183','breed7'),(185,103,'name184','breed2'),(186,38,'name185','breed4'),(187,83,'name186','breed3'),(188,45,'name187','breed3'),(189,103,'name188','breed4'),(190,50,'name189','breed2'),(191,20,'name190','breed9'),(192,68,'name191','breed3'),(193,69,'name192','breed2'),(194,95,'name193','breed5'),(195,141,'name194','breed0'),(196,39,'name195','breed2'),(197,53,'name196','breed1'),(198,67,'name197','breed9'),(199,48,'name198','breed7'),(200,148,'name199','breed5'),(201,149,'name200','breed2');
/*!40000 ALTER TABLE `Rooster` ENABLE KEYS */;
UNLOCK TABLES;

--
-- Table structure for table `Session`
--

DROP TABLE IF EXISTS `Session`;
/*!40101 SET @saved_cs_client     = @@character_set_client */;
/*!40101 SET character_set_client = utf8 */;
CREATE TABLE `Session` (
  `session_id` bigint(20) unsigned NOT NULL AUTO_INCREMENT,
  `owner_id` bigint(20) unsigned DEFAULT NULL,
  `begin_dttm` timestamp NOT NULL DEFAULT current_timestamp() ON UPDATE current_timestamp(),
  `end_dttm` timestamp NULL DEFAULT NULL,
  PRIMARY KEY (`session_id`),
  UNIQUE KEY `session_id` (`session_id`),
  KEY `owner_id` (`owner_id`),
  CONSTRAINT `Session_ibfk_1` FOREIGN KEY (`owner_id`) REFERENCES `Owner` (`owner_id`)
) ENGINE=InnoDB AUTO_INCREMENT=402 DEFAULT CHARSET=latin1;
/*!40101 SET character_set_client = @saved_cs_client */;

--
-- Dumping data for table `Session`
--

LOCK TABLES `Session` WRITE;
/*!40000 ALTER TABLE `Session` DISABLE KEYS */;
INSERT INTO `Session` VALUES (2,5,'2019-03-31 11:57:49','2019-04-06 11:57:49'),(3,39,'2019-03-25 11:57:49','2019-04-07 11:57:49'),(4,11,'2019-03-27 11:57:49','2019-04-06 11:57:49'),(5,61,'2019-04-02 11:57:49','2019-04-06 11:57:49'),(6,97,'2019-04-03 11:57:49','2019-04-07 11:57:49'),(7,141,'2019-04-03 11:57:49','2019-04-05 11:57:49'),(8,125,'2019-03-31 11:57:49','2019-04-07 11:57:49'),(9,25,'2019-03-27 11:57:49','2019-04-06 11:57:49'),(10,62,'2019-04-03 11:57:49','2019-04-04 11:57:49'),(11,85,'2019-04-03 11:57:49','2019-04-06 11:57:49'),(12,42,'2019-03-25 11:57:49','2019-04-07 11:57:49'),(13,18,'2019-03-29 11:57:49','2019-04-06 11:57:49'),(14,107,'2019-04-02 11:57:49','2019-04-06 11:57:49'),(15,118,'2019-03-28 11:57:49','2019-04-04 11:57:49'),(16,133,'2019-03-29 11:57:49','2019-04-04 11:57:49'),(17,7,'2019-03-30 11:57:49','2019-04-07 11:57:49'),(18,77,'2019-04-03 11:57:49','2019-04-05 11:57:49'),(19,2,'2019-04-02 11:57:49','2019-04-04 11:57:49'),(20,3,'2019-03-31 11:57:49','2019-04-05 11:57:49'),(21,12,'2019-03-29 11:57:49','2019-04-06 11:57:49'),(22,122,'2019-03-29 11:57:49','2019-04-05 11:57:49'),(23,129,'2019-03-27 11:57:49','2019-04-07 11:57:49'),(24,11,'2019-04-01 11:57:49','2019-04-04 11:57:49'),(25,53,'2019-03-31 11:57:49','2019-04-04 11:57:49'),(26,46,'2019-03-26 11:57:49','2019-04-06 11:57:49'),(27,3,'2019-04-02 11:57:49','2019-04-05 11:57:49'),(28,20,'2019-03-30 11:57:49','2019-04-07 11:57:49'),(29,125,'2019-03-25 11:57:49','2019-04-06 11:57:49'),(30,25,'2019-03-29 11:57:49','2019-04-06 11:57:49'),(31,106,'2019-03-27 11:57:49','2019-04-06 11:57:49'),(32,22,'2019-03-31 11:57:49','2019-04-06 11:57:49'),(33,67,'2019-03-31 11:57:49','2019-04-06 11:57:49'),(34,9,'2019-04-03 11:57:49','2019-04-04 11:57:49'),(35,73,'2019-03-27 11:57:49','2019-04-07 11:57:49'),(36,44,'2019-04-01 11:57:49','2019-04-07 11:57:49'),(37,39,'2019-03-27 11:57:49','2019-04-04 11:57:49'),(38,93,'2019-04-02 11:57:49','2019-04-07 11:57:49'),(39,97,'2019-04-02 11:57:49','2019-04-05 11:57:49'),(40,27,'2019-03-27 11:57:49','2019-04-07 11:57:49'),(41,79,'2019-04-02 11:57:49','2019-04-06 11:57:49'),(42,60,'2019-03-27 11:57:49','2019-04-04 11:57:49'),(43,89,'2019-03-29 11:57:49','2019-04-07 11:57:49'),(44,129,'2019-03-25 11:57:49','2019-04-07 11:57:49'),(45,122,'2019-03-28 11:57:49','2019-04-04 11:57:49'),(46,121,'2019-04-02 11:57:49','2019-04-07 11:57:49'),(47,108,'2019-03-25 11:57:49','2019-04-05 11:57:49'),(48,126,'2019-03-28 11:57:49','2019-04-05 11:57:49'),(49,104,'2019-03-25 11:57:49','2019-04-05 11:57:49'),(50,101,'2019-04-01 11:57:49','2019-04-06 11:57:49'),(51,74,'2019-03-27 11:57:49','2019-04-07 11:57:49'),(52,18,'2019-03-30 11:57:49','2019-04-04 11:57:49'),(53,5,'2019-03-29 11:57:49','2019-04-05 11:57:49'),(54,30,'2019-03-31 11:57:49','2019-04-04 11:57:49'),(55,137,'2019-03-28 11:57:49','2019-04-05 11:57:49'),(56,18,'2019-03-28 11:57:49','2019-04-07 11:57:49'),(57,79,'2019-04-01 11:57:49','2019-04-05 11:57:49'),(58,113,'2019-03-28 11:57:49','2019-04-07 11:57:49'),(59,26,'2019-03-27 11:57:49','2019-04-06 11:57:49'),(60,53,'2019-03-27 11:57:49','2019-04-04 11:57:49'),(61,70,'2019-04-03 11:57:49','2019-04-07 11:57:49'),(62,14,'2019-04-01 11:57:49','2019-04-04 11:57:49'),(63,109,'2019-03-25 11:57:49','2019-04-04 11:57:49'),(64,142,'2019-03-31 11:57:49','2019-04-07 11:57:49'),(65,55,'2019-03-29 11:57:49','2019-04-06 11:57:49'),(66,117,'2019-03-29 11:57:49','2019-04-06 11:57:49'),(67,123,'2019-04-01 11:57:49','2019-04-04 11:57:49'),(68,72,'2019-03-26 11:57:49','2019-04-04 11:57:49'),(69,65,'2019-03-27 11:57:49','2019-04-05 11:57:49'),(70,125,'2019-04-01 11:57:49','2019-04-05 11:57:49'),(71,132,'2019-04-01 11:57:49','2019-04-05 11:57:49'),(72,8,'2019-03-29 11:57:49','2019-04-04 11:57:49'),(73,17,'2019-04-01 11:57:49','2019-04-04 11:57:49'),(74,107,'2019-03-25 11:57:49','2019-04-06 11:57:49'),(75,48,'2019-03-31 11:57:49','2019-04-04 11:57:49'),(76,12,'2019-03-25 11:57:49','2019-04-06 11:57:49'),(77,108,'2019-03-27 11:57:49','2019-04-05 11:57:49'),(78,78,'2019-03-25 11:57:49','2019-04-07 11:57:49'),(79,140,'2019-04-01 11:57:49','2019-04-06 11:57:49'),(80,136,'2019-03-29 11:57:49','2019-04-06 11:57:49'),(81,77,'2019-03-27 11:57:49','2019-04-06 11:57:49'),(82,46,'2019-03-29 11:57:49','2019-04-04 11:57:49'),(83,109,'2019-03-25 11:57:49','2019-04-04 11:57:49'),(84,142,'2019-03-31 11:57:49','2019-04-07 11:57:49'),(85,14,'2019-03-31 11:57:49','2019-04-06 11:57:49'),(86,66,'2019-03-31 11:57:49','2019-04-05 11:57:49'),(87,99,'2019-03-28 11:57:49','2019-04-07 11:57:49'),(88,28,'2019-04-01 11:57:49','2019-04-05 11:57:49'),(89,139,'2019-03-30 11:57:49','2019-04-06 11:57:49'),(90,43,'2019-03-29 11:57:49','2019-04-05 11:57:49'),(91,142,'2019-03-28 11:57:49','2019-04-06 11:57:49'),(92,3,'2019-03-25 11:57:49','2019-04-05 11:57:49'),(93,141,'2019-04-02 11:57:49','2019-04-05 11:57:49'),(94,25,'2019-03-27 11:57:49','2019-04-07 11:57:49'),(95,54,'2019-03-30 11:57:49','2019-04-06 11:57:49'),(96,17,'2019-03-28 11:57:49','2019-04-04 11:57:49'),(97,59,'2019-03-31 11:57:49','2019-04-05 11:57:49'),(98,28,'2019-03-25 11:57:49','2019-04-06 11:57:49'),(99,59,'2019-04-02 11:57:49','2019-04-04 11:57:49'),(100,50,'2019-03-31 11:57:49','2019-04-05 11:57:49'),(101,120,'2019-03-31 11:57:49','2019-04-06 11:57:49'),(102,49,'2019-04-02 11:57:49','2019-04-04 11:57:49'),(103,90,'2019-03-29 11:57:49','2019-04-04 11:57:49'),(104,144,'2019-04-03 11:57:49','2019-04-06 11:57:49'),(105,114,'2019-03-28 11:57:49','2019-04-07 11:57:49'),(106,14,'2019-03-30 11:57:49','2019-04-04 11:57:49'),(107,119,'2019-03-29 11:57:49','2019-04-06 11:57:49'),(108,55,'2019-03-29 11:57:49','2019-04-04 11:57:49'),(109,100,'2019-03-28 11:57:49','2019-04-06 11:57:49'),(110,79,'2019-03-27 11:57:49','2019-04-07 11:57:49'),(111,59,'2019-03-28 11:57:49','2019-04-04 11:57:49'),(112,47,'2019-04-03 11:57:49','2019-04-05 11:57:49'),(113,63,'2019-03-30 11:57:49','2019-04-07 11:57:49'),(114,136,'2019-03-31 11:57:49','2019-04-07 11:57:49'),(115,40,'2019-04-02 11:57:49','2019-04-04 11:57:49'),(116,84,'2019-03-30 11:57:49','2019-04-05 11:57:49'),(117,103,'2019-03-28 11:57:49','2019-04-04 11:57:49'),(118,138,'2019-03-27 11:57:49','2019-04-07 11:57:49'),(119,33,'2019-03-27 11:57:49','2019-04-07 11:57:49'),(120,104,'2019-03-26 11:57:49','2019-04-06 11:57:49'),(121,114,'2019-03-25 11:57:49','2019-04-05 11:57:49'),(122,19,'2019-03-27 11:57:49','2019-04-05 11:57:49'),(123,61,'2019-03-31 11:57:49','2019-04-05 11:57:49'),(124,45,'2019-03-30 11:57:49','2019-04-06 11:57:49'),(125,144,'2019-04-03 11:57:49','2019-04-06 11:57:49'),(126,2,'2019-03-27 11:57:49','2019-04-05 11:57:49'),(127,5,'2019-04-01 11:57:49','2019-04-04 11:57:49'),(128,26,'2019-03-25 11:57:49','2019-04-06 11:57:49'),(129,117,'2019-03-26 11:57:49','2019-04-07 11:57:49'),(130,130,'2019-04-03 11:57:49','2019-04-05 11:57:49'),(131,81,'2019-04-02 11:57:49','2019-04-07 11:57:49'),(132,145,'2019-03-28 11:57:49','2019-04-07 11:57:49'),(133,4,'2019-03-29 11:57:49','2019-04-04 11:57:49'),(134,110,'2019-03-25 11:57:49','2019-04-05 11:57:49'),(135,55,'2019-03-26 11:57:49','2019-04-07 11:57:49'),(136,41,'2019-03-26 11:57:49','2019-04-06 11:57:49'),(137,127,'2019-03-26 11:57:49','2019-04-06 11:57:49'),(138,128,'2019-03-25 11:57:49','2019-04-07 11:57:49'),(139,95,'2019-03-25 11:57:49','2019-04-05 11:57:49'),(140,55,'2019-03-25 11:57:49','2019-04-04 11:57:49'),(141,35,'2019-03-28 11:57:49','2019-04-05 11:57:49'),(142,103,'2019-03-26 11:57:49','2019-04-06 11:57:49'),(143,140,'2019-03-27 11:57:49','2019-04-04 11:57:49'),(144,63,'2019-04-01 11:57:49','2019-04-07 11:57:49'),(145,1,'2019-03-29 11:57:49','2019-04-05 11:57:49'),(146,34,'2019-03-30 11:57:49','2019-04-05 11:57:49'),(147,10,'2019-04-01 11:57:49','2019-04-04 11:57:49'),(148,116,'2019-04-01 11:57:49','2019-04-04 11:57:49'),(149,22,'2019-03-30 11:57:49','2019-04-04 11:57:49'),(150,73,'2019-04-02 11:57:49','2019-04-06 11:57:49'),(151,130,'2019-03-29 11:57:49','2019-04-06 11:57:49'),(152,103,'2019-03-29 11:57:49','2019-04-04 11:57:49'),(153,88,'2019-03-31 11:57:49','2019-04-04 11:57:49'),(154,67,'2019-03-29 11:57:49','2019-04-05 11:57:49'),(155,135,'2019-03-25 11:57:49','2019-04-07 11:57:49'),(156,42,'2019-03-31 11:57:49','2019-04-05 11:57:49'),(157,104,'2019-04-01 11:57:49','2019-04-06 11:57:49'),(158,11,'2019-04-02 11:57:49','2019-04-05 11:57:49'),(159,112,'2019-03-27 11:57:49','2019-04-05 11:57:49'),(160,122,'2019-04-02 11:57:49','2019-04-05 11:57:49'),(161,146,'2019-03-31 11:57:49','2019-04-04 11:57:49'),(162,149,'2019-03-29 11:57:49','2019-04-04 11:57:49'),(163,74,'2019-03-25 11:57:49','2019-04-07 11:57:49'),(164,61,'2019-04-01 11:57:49','2019-04-07 11:57:49'),(165,47,'2019-03-26 11:57:49','2019-04-06 11:57:49'),(166,8,'2019-04-01 11:57:49','2019-04-07 11:57:49'),(167,48,'2019-03-25 11:57:49','2019-04-05 11:57:49'),(168,66,'2019-04-01 11:57:49','2019-04-07 11:57:49'),(169,102,'2019-04-03 11:57:49','2019-04-06 11:57:49'),(170,109,'2019-03-30 11:57:49','2019-04-07 11:57:49'),(171,128,'2019-04-02 11:57:49','2019-04-07 11:57:49'),(172,101,'2019-03-28 11:57:49','2019-04-06 11:57:49'),(173,14,'2019-04-02 11:57:49','2019-04-06 11:57:49'),(174,107,'2019-04-01 11:57:49','2019-04-06 11:57:49'),(175,92,'2019-04-02 11:57:49','2019-04-07 11:57:49'),(176,148,'2019-03-28 11:57:49','2019-04-07 11:57:49'),(177,106,'2019-04-02 11:57:49','2019-04-04 11:57:49'),(178,97,'2019-03-28 11:57:49','2019-04-05 11:57:49'),(179,94,'2019-03-29 11:57:49','2019-04-05 11:57:49'),(180,128,'2019-04-01 11:57:49','2019-04-05 11:57:49'),(181,63,'2019-04-01 11:57:49','2019-04-04 11:57:49'),(182,49,'2019-04-01 11:57:49','2019-04-06 11:57:49'),(183,85,'2019-04-03 11:57:49','2019-04-05 11:57:49'),(184,68,'2019-03-27 11:57:49','2019-04-07 11:57:49'),(185,146,'2019-04-01 11:57:49','2019-04-07 11:57:49'),(186,10,'2019-03-25 11:57:49','2019-04-06 11:57:49'),(187,125,'2019-04-01 11:57:49','2019-04-05 11:57:49'),(188,142,'2019-03-29 11:57:49','2019-04-04 11:57:49'),(189,71,'2019-03-25 11:57:49','2019-04-07 11:57:49'),(190,149,'2019-03-29 11:57:49','2019-04-04 11:57:49'),(191,34,'2019-03-27 11:57:49','2019-04-06 11:57:49'),(192,3,'2019-04-01 11:57:49','2019-04-06 11:57:49'),(193,77,'2019-03-27 11:57:49','2019-04-06 11:57:49'),(194,107,'2019-03-31 11:57:49','2019-04-05 11:57:49'),(195,78,'2019-04-03 11:57:49','2019-04-04 11:57:49'),(196,37,'2019-03-29 11:57:49','2019-04-04 11:57:49'),(197,104,'2019-03-25 11:57:49','2019-04-05 11:57:49'),(198,129,'2019-03-27 11:57:49','2019-04-07 11:57:49'),(199,13,'2019-04-01 11:57:49','2019-04-04 11:57:49'),(200,35,'2019-04-02 11:57:49','2019-04-07 11:57:49'),(201,45,'2019-04-03 11:57:49','2019-04-07 11:57:49'),(202,100,'2019-03-25 11:57:49','2019-04-05 11:57:49'),(203,57,'2019-03-25 11:57:49','2019-04-04 11:57:49'),(204,45,'2019-03-25 11:57:49','2019-04-05 11:57:49'),(205,79,'2019-03-28 11:57:49','2019-04-04 11:57:49'),(206,5,'2019-03-28 11:57:49','2019-04-06 11:57:49'),(207,146,'2019-03-28 11:57:49','2019-04-07 11:57:49'),(208,26,'2019-04-01 11:57:49','2019-04-05 11:57:49'),(209,21,'2019-04-03 11:57:49','2019-04-05 11:57:49'),(210,44,'2019-03-30 11:57:49','2019-04-06 11:57:49'),(211,77,'2019-03-30 11:57:49','2019-04-04 11:57:49'),(212,65,'2019-03-26 11:57:49','2019-04-07 11:57:49'),(213,125,'2019-03-25 11:57:49','2019-04-04 11:57:49'),(214,44,'2019-03-30 11:57:49','2019-04-06 11:57:49'),(215,96,'2019-04-03 11:57:49','2019-04-07 11:57:49'),(216,68,'2019-03-25 11:57:49','2019-04-05 11:57:49'),(217,17,'2019-03-28 11:57:49','2019-04-07 11:57:49'),(218,91,'2019-03-28 11:57:49','2019-04-07 11:57:49'),(219,52,'2019-04-03 11:57:49','2019-04-07 11:57:49'),(220,66,'2019-03-26 11:57:49','2019-04-07 11:57:49'),(221,138,'2019-04-01 11:57:49','2019-04-05 11:57:49'),(222,14,'2019-03-28 11:57:49','2019-04-07 11:57:49'),(223,11,'2019-03-28 11:57:49','2019-04-07 11:57:49'),(224,67,'2019-03-25 11:57:49','2019-04-06 11:57:49'),(225,87,'2019-03-30 11:57:49','2019-04-06 11:57:49'),(226,98,'2019-04-03 11:57:49','2019-04-05 11:57:49'),(227,62,'2019-03-30 11:57:49','2019-04-04 11:57:49'),(228,84,'2019-03-26 11:57:49','2019-04-05 11:57:49'),(229,88,'2019-04-03 11:57:49','2019-04-06 11:57:49'),(230,7,'2019-03-25 11:57:49','2019-04-06 11:57:49'),(231,80,'2019-04-01 11:57:49','2019-04-04 11:57:49'),(232,39,'2019-03-26 11:57:49','2019-04-06 11:57:49'),(233,86,'2019-03-28 11:57:49','2019-04-06 11:57:49'),(234,101,'2019-03-30 11:57:49','2019-04-06 11:57:49'),(235,116,'2019-03-29 11:57:49','2019-04-06 11:57:49'),(236,129,'2019-03-30 11:57:49','2019-04-05 11:57:49'),(237,41,'2019-04-02 11:57:49','2019-04-07 11:57:49'),(238,94,'2019-04-03 11:57:49','2019-04-06 11:57:49'),(239,85,'2019-03-26 11:57:49','2019-04-06 11:57:49'),(240,35,'2019-04-02 11:57:49','2019-04-07 11:57:49'),(241,70,'2019-03-27 11:57:49','2019-04-07 11:57:49'),(242,6,'2019-03-30 11:57:49','2019-04-07 11:57:49'),(243,91,'2019-03-30 11:57:49','2019-04-06 11:57:49'),(244,103,'2019-04-01 11:57:49','2019-04-07 11:57:49'),(245,93,'2019-03-25 11:57:49','2019-04-04 11:57:49'),(246,15,'2019-04-02 11:57:49','2019-04-05 11:57:49'),(247,5,'2019-03-28 11:57:49','2019-04-07 11:57:49'),(248,3,'2019-03-30 11:57:49','2019-04-06 11:57:49'),(249,92,'2019-03-26 11:57:49','2019-04-07 11:57:49'),(250,106,'2019-03-26 11:57:49','2019-04-07 11:57:49'),(251,31,'2019-03-29 11:57:49','2019-04-07 11:57:49'),(252,13,'2019-03-25 11:57:49','2019-04-05 11:57:49'),(253,4,'2019-03-31 11:57:49','2019-04-04 11:57:49'),(254,106,'2019-04-01 11:57:49','2019-04-07 11:57:49'),(255,119,'2019-03-28 11:57:49','2019-04-04 11:57:49'),(256,86,'2019-04-02 11:57:49','2019-04-07 11:57:49'),(257,88,'2019-03-25 11:57:49','2019-04-04 11:57:49'),(258,55,'2019-03-31 11:57:49','2019-04-05 11:57:49'),(259,45,'2019-03-30 11:57:49','2019-04-05 11:57:49'),(260,27,'2019-04-01 11:57:49','2019-04-04 11:57:49'),(261,134,'2019-03-28 11:57:49','2019-04-06 11:57:49'),(262,2,'2019-03-25 11:57:49','2019-04-05 11:57:49'),(263,96,'2019-04-02 11:57:49','2019-04-05 11:57:49'),(264,16,'2019-03-30 11:57:49','2019-04-04 11:57:49'),(265,8,'2019-03-28 11:57:49','2019-04-07 11:57:49'),(266,50,'2019-03-29 11:57:49','2019-04-05 11:57:49'),(267,25,'2019-04-01 11:57:49','2019-04-05 11:57:49'),(268,42,'2019-03-28 11:57:49','2019-04-06 11:57:49'),(269,117,'2019-03-26 11:57:49','2019-04-07 11:57:49'),(270,148,'2019-03-29 11:57:49','2019-04-04 11:57:49'),(271,23,'2019-03-30 11:57:49','2019-04-04 11:57:49'),(272,24,'2019-04-03 11:57:49','2019-04-04 11:57:49'),(273,93,'2019-03-26 11:57:49','2019-04-06 11:57:49'),(274,22,'2019-03-27 11:57:49','2019-04-07 11:57:49'),(275,119,'2019-03-31 11:57:49','2019-04-05 11:57:49'),(276,118,'2019-04-02 11:57:49','2019-04-06 11:57:49'),(277,119,'2019-03-28 11:57:49','2019-04-05 11:57:49'),(278,67,'2019-04-01 11:57:49','2019-04-04 11:57:49'),(279,149,'2019-04-02 11:57:49','2019-04-05 11:57:49'),(280,133,'2019-03-30 11:57:49','2019-04-04 11:57:49'),(281,48,'2019-03-31 11:57:49','2019-04-05 11:57:49'),(282,45,'2019-03-29 11:57:49','2019-04-04 11:57:49'),(283,87,'2019-03-31 11:57:49','2019-04-07 11:57:49'),(284,33,'2019-03-25 11:57:49','2019-04-04 11:57:49'),(285,99,'2019-03-28 11:57:49','2019-04-06 11:57:49'),(286,144,'2019-03-28 11:57:49','2019-04-07 11:57:49'),(287,19,'2019-04-03 11:57:49','2019-04-04 11:57:49'),(288,12,'2019-03-26 11:57:49','2019-04-07 11:57:49'),(289,104,'2019-03-31 11:57:49','2019-04-06 11:57:49'),(290,64,'2019-03-27 11:57:49','2019-04-06 11:57:49'),(291,27,'2019-04-02 11:57:49','2019-04-07 11:57:49'),(292,116,'2019-03-26 11:57:49','2019-04-04 11:57:49'),(293,49,'2019-03-31 11:57:49','2019-04-04 11:57:49'),(294,47,'2019-03-26 11:57:49','2019-04-05 11:57:49'),(295,1,'2019-03-30 11:57:49','2019-04-07 11:57:49'),(296,136,'2019-03-30 11:57:49','2019-04-05 11:57:49'),(297,87,'2019-04-02 11:57:49','2019-04-04 11:57:49'),(298,7,'2019-03-29 11:57:49','2019-04-05 11:57:49'),(299,140,'2019-03-29 11:57:49','2019-04-05 11:57:49'),(300,139,'2019-03-29 11:57:49','2019-04-07 11:57:49'),(301,124,'2019-03-26 11:57:49','2019-04-05 11:57:49'),(302,35,'2019-03-29 11:57:49','2019-04-07 11:57:49'),(303,141,'2019-03-31 11:57:49','2019-04-04 11:57:49'),(304,75,'2019-03-27 11:57:49','2019-04-06 11:57:49'),(305,69,'2019-04-01 11:57:49','2019-04-04 11:57:49'),(306,45,'2019-04-03 11:57:49','2019-04-05 11:57:49'),(307,91,'2019-04-01 11:57:49','2019-04-05 11:57:49'),(308,72,'2019-03-31 11:57:49','2019-04-06 11:57:49'),(309,140,'2019-03-30 11:57:49','2019-04-06 11:57:49'),(310,129,'2019-03-25 11:57:49','2019-04-06 11:57:49'),(311,142,'2019-03-29 11:57:49','2019-04-07 11:57:49'),(312,118,'2019-03-29 11:57:49','2019-04-05 11:57:49'),(313,52,'2019-03-26 11:57:49','2019-04-07 11:57:49'),(314,39,'2019-03-26 11:57:49','2019-04-06 11:57:49'),(315,22,'2019-03-27 11:57:49','2019-04-06 11:57:49'),(316,109,'2019-03-30 11:57:49','2019-04-04 11:57:49'),(317,21,'2019-04-03 11:57:49','2019-04-04 11:57:49'),(318,28,'2019-03-31 11:57:49','2019-04-04 11:57:49'),(319,3,'2019-04-02 11:57:49','2019-04-05 11:57:49'),(320,71,'2019-03-28 11:57:49','2019-04-04 11:57:49'),(321,70,'2019-03-28 11:57:49','2019-04-04 11:57:49'),(322,55,'2019-04-01 11:57:49','2019-04-07 11:57:49'),(323,68,'2019-04-02 11:57:49','2019-04-05 11:57:49'),(324,73,'2019-03-29 11:57:49','2019-04-05 11:57:49'),(325,108,'2019-04-02 11:57:49','2019-04-06 11:57:49'),(326,112,'2019-03-30 11:57:49','2019-04-07 11:57:49'),(327,17,'2019-04-01 11:57:49','2019-04-04 11:57:49'),(328,112,'2019-04-03 11:57:49','2019-04-04 11:57:49'),(329,104,'2019-03-29 11:57:49','2019-04-04 11:57:49'),(330,94,'2019-03-30 11:57:49','2019-04-05 11:57:49'),(331,63,'2019-03-31 11:57:49','2019-04-05 11:57:49'),(332,86,'2019-04-01 11:57:49','2019-04-05 11:57:49'),(333,107,'2019-03-30 11:57:49','2019-04-07 11:57:49'),(334,107,'2019-03-29 11:57:49','2019-04-05 11:57:49'),(335,142,'2019-03-29 11:57:49','2019-04-04 11:57:49'),(336,99,'2019-03-27 11:57:49','2019-04-05 11:57:49'),(337,61,'2019-03-26 11:57:49','2019-04-07 11:57:49'),(338,87,'2019-03-26 11:57:49','2019-04-06 11:57:49'),(339,88,'2019-03-28 11:57:49','2019-04-05 11:57:49'),(340,15,'2019-03-28 11:57:49','2019-04-05 11:57:49'),(341,122,'2019-03-25 11:57:49','2019-04-07 11:57:49'),(342,121,'2019-03-27 11:57:49','2019-04-07 11:57:49'),(343,131,'2019-03-27 11:57:49','2019-04-07 11:57:49'),(344,12,'2019-04-01 11:57:49','2019-04-04 11:57:49'),(345,61,'2019-03-28 11:57:49','2019-04-04 11:57:49'),(346,43,'2019-03-25 11:57:49','2019-04-04 11:57:49'),(347,137,'2019-03-28 11:57:49','2019-04-05 11:57:49'),(348,94,'2019-03-25 11:57:49','2019-04-05 11:57:49'),(349,106,'2019-03-30 11:57:49','2019-04-07 11:57:49'),(350,117,'2019-04-02 11:57:49','2019-04-05 11:57:49'),(351,89,'2019-04-03 11:57:49','2019-04-05 11:57:49'),(352,52,'2019-04-01 11:57:49','2019-04-07 11:57:49'),(353,92,'2019-03-25 11:57:49','2019-04-04 11:57:49'),(354,6,'2019-03-25 11:57:49','2019-04-06 11:57:49'),(355,75,'2019-04-02 11:57:49','2019-04-06 11:57:49'),(356,16,'2019-03-29 11:57:49','2019-04-06 11:57:49'),(357,110,'2019-04-01 11:57:49','2019-04-04 11:57:49'),(358,144,'2019-04-03 11:57:49','2019-04-06 11:57:49'),(359,43,'2019-03-29 11:57:49','2019-04-07 11:57:49'),(360,102,'2019-04-02 11:57:49','2019-04-05 11:57:49'),(361,114,'2019-03-25 11:57:49','2019-04-06 11:57:49'),(362,99,'2019-03-30 11:57:49','2019-04-06 11:57:49'),(363,60,'2019-03-25 11:57:49','2019-04-06 11:57:49'),(364,139,'2019-03-28 11:57:49','2019-04-06 11:57:49'),(365,54,'2019-03-30 11:57:49','2019-04-04 11:57:49'),(366,90,'2019-04-02 11:57:49','2019-04-04 11:57:49'),(367,77,'2019-04-01 11:57:49','2019-04-05 11:57:49'),(368,94,'2019-04-02 11:57:49','2019-04-04 11:57:49'),(369,62,'2019-03-27 11:57:49','2019-04-05 11:57:49'),(370,44,'2019-04-01 11:57:49','2019-04-06 11:57:49'),(371,58,'2019-03-28 11:57:49','2019-04-04 11:57:49'),(372,135,'2019-03-28 11:57:49','2019-04-05 11:57:49'),(373,138,'2019-03-26 11:57:49','2019-04-05 11:57:49'),(374,88,'2019-03-25 11:57:49','2019-04-07 11:57:49'),(375,19,'2019-03-25 11:57:49','2019-04-06 11:57:49'),(376,15,'2019-03-31 11:57:49','2019-04-06 11:57:49'),(377,60,'2019-04-02 11:57:49','2019-04-05 11:57:49'),(378,27,'2019-03-28 11:57:49','2019-04-05 11:57:49'),(379,88,'2019-03-26 11:57:49','2019-04-06 11:57:49'),(380,39,'2019-04-01 11:57:49','2019-04-06 11:57:49'),(381,110,'2019-04-02 11:57:49','2019-04-05 11:57:49'),(382,128,'2019-04-01 11:57:49','2019-04-05 11:57:49'),(383,113,'2019-03-28 11:57:49','2019-04-07 11:57:49'),(384,37,'2019-04-03 11:57:49','2019-04-05 11:57:49'),(385,7,'2019-04-01 11:57:49','2019-04-07 11:57:49'),(386,107,'2019-04-01 11:57:49','2019-04-06 11:57:49'),(387,132,'2019-03-31 11:57:49','2019-04-07 11:57:49'),(388,62,'2019-03-26 11:57:49','2019-04-04 11:57:49'),(389,64,'2019-03-26 11:57:49','2019-04-04 11:57:49'),(390,104,'2019-03-25 11:57:49','2019-04-04 11:57:49'),(391,49,'2019-04-03 11:57:49','2019-04-06 11:57:49'),(392,57,'2019-03-25 11:57:49','2019-04-05 11:57:49'),(393,54,'2019-03-26 11:57:49','2019-04-07 11:57:49'),(394,50,'2019-04-02 11:57:49','2019-04-05 11:57:49'),(395,142,'2019-03-27 11:57:49','2019-04-04 11:57:49'),(396,19,'2019-04-03 11:57:49','2019-04-05 11:57:49'),(397,50,'2019-03-28 11:57:49','2019-04-06 11:57:49'),(398,62,'2019-04-01 11:57:49','2019-04-04 11:57:49'),(399,136,'2019-03-27 11:57:49','2019-04-07 11:57:49'),(400,71,'2019-03-26 11:57:49','2019-04-04 11:57:49'),(401,15,'2019-03-28 11:57:49','2019-04-07 11:57:49');
/*!40000 ALTER TABLE `Session` ENABLE KEYS */;
UNLOCK TABLES;
/*!40103 SET TIME_ZONE=@OLD_TIME_ZONE */;

/*!40101 SET SQL_MODE=@OLD_SQL_MODE */;
/*!40014 SET FOREIGN_KEY_CHECKS=@OLD_FOREIGN_KEY_CHECKS */;
/*!40014 SET UNIQUE_CHECKS=@OLD_UNIQUE_CHECKS */;
/*!40101 SET CHARACTER_SET_CLIENT=@OLD_CHARACTER_SET_CLIENT */;
/*!40101 SET CHARACTER_SET_RESULTS=@OLD_CHARACTER_SET_RESULTS */;
/*!40101 SET COLLATION_CONNECTION=@OLD_COLLATION_CONNECTION */;
/*!40111 SET SQL_NOTES=@OLD_SQL_NOTES */;

-- Dump completed on 2019-04-08  0:44:51
